-276.0;-199.5;-300.0;-284.0;-201.5;-260.0
-284.0;-201.5;-260.0;-271.0;-214.3894287641018;-260.0
-271.0;-214.3894287641018;-260.0;-276.0;-199.5;-300.0
-255.0;-213.5;-300.0;-271.0;-214.3894287641018;-260.0
-271.0;-214.3894287641018;-260.0;-240.00000000000003;-194.688851751781;-260.0
-240.00000000000003;-194.688851751781;-260.0;-255.0;-213.5;-300.0
-209.00000000000003;-175.5;-300.0;-240.00000000000003;-194.688851751781;-260.0
-240.00000000000003;-194.688851751781;-260.0;-158.0;-168.72489463599817;-260.0
-158.0;-168.72489463599817;-260.0;-209.00000000000003;-175.5;-300.0
-204.0;-174.5;-300.0;-158.0;-168.72489463599817;-260.0
-158.0;-168.72489463599817;-260.0;-131.0;-172.95704132534303;-260.0
-131.0;-172.95704132534303;-260.0;-204.0;-174.5;-300.0
-161.0;-171.5;-300.0;-131.0;-172.95704132534303;-260.0
-131.0;-172.95704132534303;-260.0;-115.00000000000001;-183.00014177150092;-260.0
-115.00000000000001;-183.00014177150092;-260.0;-161.0;-171.5;-300.0
-128.0;-218.5;-300.0;-115.00000000000001;-183.00014177150092;-260.0
-115.00000000000001;-183.00014177150092;-260.0;-77.99999999999999;-207.55321427019973;-260.0
-77.99999999999999;-207.55321427019973;-260.0;-128.0;-218.5;-300.0
-39.999999999999986;-226.5;-300.0;-77.99999999999999;-207.55321427019973;-260.0
-77.99999999999999;-207.55321427019973;-260.0;-42.0;-192.18027276489192;-260.0
-42.0;-192.18027276489192;-260.0;-39.999999999999986;-226.5;-300.0
-10.999999999999996;-205.5;-300.0;-42.0;-192.18027276489192;-260.0
-42.0;-192.18027276489192;-260.0;50.0;-185.83997059068906;-260.0
50.0;-185.83997059068906;-260.0;-10.999999999999996;-205.5;-300.0
6.0;-191.5;-300.0;50.0;-185.83997059068906;-260.0
50.0;-185.83997059068906;-260.0;82.99999999999999;-190.3200193362897;-260.0
82.99999999999999;-190.3200193362897;-260.0;6.0;-191.5;-300.0
35.999999999999986;-222.5;-300.0;82.99999999999999;-190.3200193362897;-260.0
82.99999999999999;-190.3200193362897;-260.0;82.99999999999997;-159.2827592485201;-260.0
82.99999999999997;-159.2827592485201;-260.0;35.999999999999986;-222.5;-300.0
78.99999999999997;-189.5;-300.0;82.99999999999997;-159.2827592485201;-260.0
82.99999999999997;-159.2827592485201;-260.0;120.99999999999997;-204.97391382455493;-260.0
120.99999999999997;-204.97391382455493;-260.0;78.99999999999997;-189.5;-300.0
153.99999999999997;-188.5;-300.0;120.99999999999997;-204.97391382455493;-260.0
120.99999999999997;-204.97391382455493;-260.0;181.00000000000003;-165.76048300078943;-260.0
181.00000000000003;-165.76048300078943;-260.0;153.99999999999997;-188.5;-300.0
205.00000000000003;-175.5;-300.0;181.00000000000003;-165.76048300078943;-260.0
181.00000000000003;-165.76048300078943;-260.0;211.00000000000003;-167.24978258810737;-260.0
211.00000000000003;-167.24978258810737;-260.0;205.00000000000003;-175.5;-300.0
209.00000000000003;-222.5;-300.0;211.00000000000003;-167.24978258810737;-260.0
211.00000000000003;-167.24978258810737;-260.0;239.0;-183.31815241651663;-260.0
239.0;-183.31815241651663;-260.0;209.00000000000003;-222.5;-300.0
288.0;-185.5;-300.0;239.0;-183.31815241651663;-260.0
239.0;-183.31815241651663;-260.0;306.0;-182.5;-260.0
306.0;-182.5;-260.0;288.0;-185.5;-300.0
-284.0;-201.5;-260.0;-329.0;-216.5;-220.00000000000003
-329.0;-216.5;-220.00000000000003;-269.0;-168.505456162313;-220.00000000000003
-269.0;-168.505456162313;-220.00000000000003;-284.0;-201.5;-260.0
-271.0;-214.3894287641018;-260.0;-269.0;-168.505456162313;-220.00000000000003
-269.0;-168.505456162313;-220.00000000000003;-190.00000000000003;-166.85913256298832;-220.00000000000003
-190.00000000000003;-166.85913256298832;-220.00000000000003;-271.0;-214.3894287641018;-260.0
-240.00000000000003;-194.688851751781;-260.0;-190.00000000000003;-166.85913256298832;-220.00000000000003
-190.00000000000003;-166.85913256298832;-220.00000000000003;-157.0;-137.75755447733926;-220.00000000000003
-157.0;-137.75755447733926;-220.00000000000003;-240.00000000000003;-194.688851751781;-260.0
-158.0;-168.72489463599817;-260.0;-157.0;-137.75755447733926;-220.00000000000003
-157.0;-137.75755447733926;-220.00000000000003;-125.0;-160.80743775425154;-220.00000000000003
-125.0;-160.80743775425154;-220.00000000000003;-158.0;-168.72489463599817;-260.0
-131.0;-172.95704132534303;-260.0;-125.0;-160.80743775425154;-220.00000000000003
-125.0;-160.80743775425154;-220.00000000000003;-123.00000000000001;-163.34311968722395;-220.00000000000003
-123.00000000000001;-163.34311968722395;-220.00000000000003;-131.0;-172.95704132534303;-260.0
-115.00000000000001;-183.00014177150092;-260.0;-123.00000000000001;-163.34311968722395;-220.00000000000003
-123.00000000000001;-163.34311968722395;-220.00000000000003;-67.99999999999999;-173.12561847581335;-220.00000000000003
-67.99999999999999;-173.12561847581335;-220.00000000000003;-115.00000000000001;-183.00014177150092;-260.0
-77.99999999999999;-207.55321427019973;-260.0;-67.99999999999999;-173.12561847581335;-220.00000000000003
-67.99999999999999;-173.12561847581335;-220.00000000000003;-26.999999999999996;-170.51483927625486;-220.00000000000003
-26.999999999999996;-170.51483927625486;-220.00000000000003;-77.99999999999999;-207.55321427019973;-260.0
-42.0;-192.18027276489192;-260.0;-26.999999999999996;-170.51483927625486;-220.00000000000003
-26.999999999999996;-170.51483927625486;-220.00000000000003;14.0;-149.9994050630716;-220.00000000000003
14.0;-149.9994050630716;-220.00000000000003;-42.0;-192.18027276489192;-260.0
50.0;-185.83997059068906;-260.0;14.0;-149.9994050630716;-220.00000000000003
14.0;-149.9994050630716;-220.00000000000003;43.999999999999986;-93.71865357181125;-220.00000000000003
43.999999999999986;-93.71865357181125;-220.00000000000003;50.0;-185.83997059068906;-260.0
82.99999999999999;-190.3200193362897;-260.0;43.999999999999986;-93.71865357181125;-220.00000000000003
43.999999999999986;-93.71865357181125;-220.00000000000003;118.99999999999997;-119.67080044958308;-220.00000000000003
118.99999999999997;-119.67080044958308;-220.00000000000003;82.99999999999999;-190.3200193362897;-260.0
82.99999999999997;-159.2827592485201;-260.0;118.99999999999997;-119.67080044958308;-220.00000000000003
118.99999999999997;-119.67080044958308;-220.00000000000003;148.99999999999997;-136.1901052146027;-220.00000000000003
148.99999999999997;-136.1901052146027;-220.00000000000003;82.99999999999997;-159.2827592485201;-260.0
120.99999999999997;-204.97391382455493;-260.0;148.99999999999997;-136.1901052146027;-220.00000000000003
148.99999999999997;-136.1901052146027;-220.00000000000003;156.00000000000003;-220.05686982661322;-220.00000000000003
156.00000000000003;-220.05686982661322;-220.00000000000003;120.99999999999997;-204.97391382455493;-260.0
181.00000000000003;-165.76048300078943;-260.0;156.00000000000003;-220.05686982661322;-220.00000000000003
156.00000000000003;-220.05686982661322;-220.00000000000003;215.00000000000003;-176.48402472799592;-220.00000000000003
215.00000000000003;-176.48402472799592;-220.00000000000003;181.00000000000003;-165.76048300078943;-260.0
211.00000000000003;-167.24978258810737;-260.0;215.00000000000003;-176.48402472799592;-220.00000000000003
215.00000000000003;-176.48402472799592;-220.00000000000003;270.0;-204.86379250895035;-220.00000000000003
270.0;-204.86379250895035;-220.00000000000003;211.00000000000003;-167.24978258810737;-260.0
239.0;-183.31815241651663;-260.0;270.0;-204.86379250895035;-220.00000000000003
270.0;-204.86379250895035;-220.00000000000003;282.0;-187.5;-220.00000000000003
282.0;-187.5;-220.00000000000003;239.0;-183.31815241651663;-260.0
-329.0;-216.5;-220.00000000000003;-290.0;-195.5;-180.0
-290.0;-195.5;-180.0;-284.0;-203.10414994227523;-180.0
-284.0;-203.10414994227523;-180.0;-329.0;-216.5;-220.00000000000003
-269.0;-168.505456162313;-220.00000000000003;-284.0;-203.10414994227523;-180.0
-284.0;-203.10414994227523;-180.0;-228.00000000000003;-169.57191615093086;-180.0
-228.00000000000003;-169.57191615093086;-180.0;-269.0;-168.505456162313;-220.00000000000003
-190.00000000000003;-166.85913256298832;-220.00000000000003;-228.00000000000003;-169.57191615093086;-180.0
-228.00000000000003;-169.57191615093086;-180.0;-151.0;-130.690691586124;-180.0
-151.0;-130.690691586124;-180.0;-190.00000000000003;-166.85913256298832;-220.00000000000003
-157.0;-137.75755447733926;-220.00000000000003;-151.0;-130.690691586124;-180.0
-151.0;-130.690691586124;-180.0;-137.0;-155.2659694737102;-180.0
-137.0;-155.2659694737102;-180.0;-157.0;-137.75755447733926;-220.00000000000003
-125.0;-160.80743775425154;-220.00000000000003;-137.0;-155.2659694737102;-180.0
-137.0;-155.2659694737102;-180.0;-119.00000000000001;-73.96471921958738;-180.0
-119.00000000000001;-73.96471921958738;-180.0;-125.0;-160.80743775425154;-220.00000000000003
-123.00000000000001;-163.34311968722395;-220.00000000000003;-119.00000000000001;-73.96471921958738;-180.0
-119.00000000000001;-73.96471921958738;-180.0;-50.999999999999986;-91.530696735261;-180.0
-50.999999999999986;-91.530696735261;-180.0;-123.00000000000001;-163.34311968722395;-220.00000000000003
-67.99999999999999;-173.12561847581335;-220.00000000000003;-50.999999999999986;-91.530696735261;-180.0
-50.999999999999986;-91.530696735261;-180.0;-41.0;-73.8609243307288;-180.0
-41.0;-73.8609243307288;-180.0;-67.99999999999999;-173.12561847581335;-220.00000000000003
-26.999999999999996;-170.51483927625486;-220.00000000000003;-41.0;-73.8609243307288;-180.0
-41.0;-73.8609243307288;-180.0;46.0;-26.64686072624818;-180.0
46.0;-26.64686072624818;-180.0;-26.999999999999996;-170.51483927625486;-220.00000000000003
14.0;-149.9994050630716;-220.00000000000003;46.0;-26.64686072624818;-180.0
46.0;-26.64686072624818;-180.0;38.999999999999986;-69.63877778121787;-180.0
38.999999999999986;-69.63877778121787;-180.0;14.0;-149.9994050630716;-220.00000000000003
43.999999999999986;-93.71865357181125;-220.00000000000003;38.999999999999986;-69.63877778121787;-180.0
38.999999999999986;-69.63877778121787;-180.0;101.99999999999997;-69.12792720800437;-180.0
101.99999999999997;-69.12792720800437;-180.0;43.999999999999986;-93.71865357181125;-220.00000000000003
118.99999999999997;-119.67080044958308;-220.00000000000003;101.99999999999997;-69.12792720800437;-180.0
101.99999999999997;-69.12792720800437;-180.0;131.99999999999997;-159.9483416526059;-180.0
131.99999999999997;-159.9483416526059;-180.0;118.99999999999997;-119.67080044958308;-220.00000000000003
148.99999999999997;-136.1901052146027;-220.00000000000003;131.99999999999997;-159.9483416526059;-180.0
131.99999999999997;-159.9483416526059;-180.0;198.00000000000003;-166.8334537939048;-180.0
198.00000000000003;-166.8334537939048;-180.0;148.99999999999997;-136.1901052146027;-220.00000000000003
156.00000000000003;-220.05686982661322;-220.00000000000003;198.00000000000003;-166.8334537939048;-180.0
198.00000000000003;-166.8334537939048;-180.0;221.00000000000003;-166.83690515268518;-180.0
221.00000000000003;-166.83690515268518;-180.0;156.00000000000003;-220.05686982661322;-220.00000000000003
215.00000000000003;-176.48402472799592;-220.00000000000003;221.00000000000003;-166.83690515268518;-180.0
221.00000000000003;-166.83690515268518;-180.0;235.0;-165.17341067862597;-180.0
235.0;-165.17341067862597;-180.0;215.00000000000003;-176.48402472799592;-220.00000000000003
270.0;-204.86379250895035;-220.00000000000003;235.0;-165.17341067862597;-180.0
235.0;-165.17341067862597;-180.0;273.0;-221.5;-180.0
273.0;-221.5;-180.0;270.0;-204.86379250895035;-220.00000000000003
-290.0;-195.5;-180.0;-298.0;-174.5;-140.0
-298.0;-174.5;-140.0;-282.0;-181.49940543177624;-140.0
-282.0;-181.49940543177624;-140.0;-290.0;-195.5;-180.0
-284.0;-203.10414994227523;-180.0;-282.0;-181.49940543177624;-140.0
-282.0;-181.49940543177624;-140.0;-214.00000000000003;-159.60995096418677;-140.0
-214.00000000000003;-159.60995096418677;-140.0;-284.0;-203.10414994227523;-180.0
-228.00000000000003;-169.57191615093086;-180.0;-214.00000000000003;-159.60995096418677;-140.0
-214.00000000000003;-159.60995096418677;-140.0;-165.0;-93.8653393808549;-140.0
-165.0;-93.8653393808549;-140.0;-228.00000000000003;-169.57191615093086;-180.0
-151.0;-130.690691586124;-180.0;-165.0;-93.8653393808549;-140.0
-165.0;-93.8653393808549;-140.0;-112.0;-113.16098994256068;-140.0
-112.0;-113.16098994256068;-140.0;-151.0;-130.690691586124;-180.0
-137.0;-155.2659694737102;-180.0;-112.0;-113.16098994256068;-140.0
-112.0;-113.16098994256068;-140.0;-80.00000000000001;-115.89318885112635;-140.0
-80.00000000000001;-115.89318885112635;-140.0;-137.0;-155.2659694737102;-180.0
-119.00000000000001;-73.96471921958738;-180.0;-80.00000000000001;-115.89318885112635;-140.0
-80.00000000000001;-115.89318885112635;-140.0;-64.99999999999999;13.967977980490474;-140.0
-64.99999999999999;13.967977980490474;-140.0;-119.00000000000001;-73.96471921958738;-180.0
-50.999999999999986;-91.530696735261;-180.0;-64.99999999999999;13.967977980490474;-140.0
-64.99999999999999;13.967977980490474;-140.0;3.552713678800501e-15;52.15243256193486;-140.0
3.552713678800501e-15;52.15243256193486;-140.0;-50.999999999999986;-91.530696735261;-180.0
-41.0;-73.8609243307288;-180.0;3.552713678800501e-15;52.15243256193486;-140.0
3.552713678800501e-15;52.15243256193486;-140.0;49.0;-14.679327862614088;-140.0
49.0;-14.679327862614088;-140.0;-41.0;-73.8609243307288;-180.0
46.0;-26.64686072624818;-180.0;49.0;-14.679327862614088;-140.0
49.0;-14.679327862614088;-140.0;82.99999999999999;-23.45363244054917;-140.0
82.99999999999999;-23.45363244054917;-140.0;46.0;-26.64686072624818;-180.0
38.999999999999986;-69.63877778121787;-180.0;82.99999999999999;-23.45363244054917;-140.0
82.99999999999999;-23.45363244054917;-140.0;120.99999999999997;34.75708749569145;-140.0
120.99999999999997;34.75708749569145;-140.0;38.999999999999986;-69.63877778121787;-180.0
101.99999999999997;-69.12792720800437;-180.0;120.99999999999997;34.75708749569145;-140.0
120.99999999999997;34.75708749569145;-140.0;129.99999999999997;-122.3095453754265;-140.0
129.99999999999997;-122.3095453754265;-140.0;101.99999999999997;-69.12792720800437;-180.0
131.99999999999997;-159.9483416526059;-180.0;129.99999999999997;-122.3095453754265;-140.0
129.99999999999997;-122.3095453754265;-140.0;181.00000000000003;-171.37611587468916;-140.0
181.00000000000003;-171.37611587468916;-140.0;131.99999999999997;-159.9483416526059;-180.0
198.00000000000003;-166.8334537939048;-180.0;181.00000000000003;-171.37611587468916;-140.0
181.00000000000003;-171.37611587468916;-140.0;237.0;-171.87485694094357;-140.0
237.0;-171.87485694094357;-140.0;198.00000000000003;-166.8334537939048;-180.0
221.00000000000003;-166.83690515268518;-180.0;237.0;-171.87485694094357;-140.0
237.0;-171.87485694094357;-140.0;239.0;-203.2278658287436;-140.0
239.0;-203.2278658287436;-140.0;221.00000000000003;-166.83690515268518;-180.0
235.0;-165.17341067862597;-180.0;239.0;-203.2278658287436;-140.0
239.0;-203.2278658287436;-140.0;329.0;-188.5;-140.0
329.0;-188.5;-140.0;235.0;-165.17341067862597;-180.0
-298.0;-174.5;-140.0;-279.0;-216.5;-100.00000000000001
-279.0;-216.5;-100.00000000000001;-267.0;-160.505609301921;-100.00000000000001
-267.0;-160.505609301921;-100.00000000000001;-298.0;-174.5;-140.0
-282.0;-181.49940543177624;-140.0;-267.0;-160.505609301921;-100.00000000000001
-267.0;-160.505609301921;-100.00000000000001;-217.00000000000003;-136.63329829278607;-100.00000000000001
-217.00000000000003;-136.63329829278607;-100.00000000000001;-282.0;-181.49940543177624;-140.0
-214.00000000000003;-159.60995096418677;-140.0;-217.00000000000003;-136.63329829278607;-100.00000000000001
-217.00000000000003;-136.63329829278607;-100.00000000000001;-196.0;-86.18459635242819;-100.00000000000001
-196.0;-86.18459635242819;-100.00000000000001;-214.00000000000003;-159.60995096418677;-140.0
-165.0;-93.8653393808549;-140.0;-196.0;-86.18459635242819;-100.00000000000001
-196.0;-86.18459635242819;-100.00000000000001;-141.0;-26.911493057818376;-100.00000000000001
-141.0;-26.911493057818376;-100.00000000000001;-165.0;-93.8653393808549;-140.0
-112.0;-113.16098994256068;-140.0;-141.0;-26.911493057818376;-100.00000000000001
-141.0;-26.911493057818376;-100.00000000000001;-109.00000000000001;5.601372405643673;-100.00000000000001
-109.00000000000001;5.601372405643673;-100.00000000000001;-112.0;-113.16098994256068;-140.0
-80.00000000000001;-115.89318885112635;-140.0;-109.00000000000001;5.601372405643673;-100.00000000000001
-109.00000000000001;5.601372405643673;-100.00000000000001;-47.999999999999986;84.5610514653552;-100.00000000000001
-47.999999999999986;84.5610514653552;-100.00000000000001;-80.00000000000001;-115.89318885112635;-140.0
-64.99999999999999;13.967977980490474;-140.0;-47.999999999999986;84.5610514653552;-100.00000000000001
-47.999999999999986;84.5610514653552;-100.00000000000001;4.0;78.14929949206459;-100.00000000000001
4.0;78.14929949206459;-100.00000000000001;-64.99999999999999;13.967977980490474;-140.0
3.552713678800501e-15;52.15243256193486;-140.0;4.0;78.14929949206459;-100.00000000000001
4.0;78.14929949206459;-100.00000000000001;35.0;-1.9420514878046617;-100.00000000000001
35.0;-1.9420514878046617;-100.00000000000001;3.552713678800501e-15;52.15243256193486;-140.0
49.0;-14.679327862614088;-140.0;35.0;-1.9420514878046617;-100.00000000000001
35.0;-1.9420514878046617;-100.00000000000001;67.99999999999999;-97.4358826082582;-100.00000000000001
67.99999999999999;-97.4358826082582;-100.00000000000001;49.0;-14.679327862614088;-140.0
82.99999999999999;-23.45363244054917;-140.0;67.99999999999999;-97.4358826082582;-100.00000000000001
67.99999999999999;-97.4358826082582;-100.00000000000001;125.99999999999997;-43.12672537267753;-100.00000000000001
125.99999999999997;-43.12672537267753;-100.00000000000001;82.99999999999999;-23.45363244054917;-140.0
120.99999999999997;34.75708749569145;-140.0;125.99999999999997;-43.12672537267753;-100.00000000000001
125.99999999999997;-43.12672537267753;-100.00000000000001;151.99999999999997;1.3257860694930343;-100.00000000000001
151.99999999999997;1.3257860694930343;-100.00000000000001;120.99999999999997;34.75708749569145;-140.0
129.99999999999997;-122.3095453754265;-140.0;151.99999999999997;1.3257860694930343;-100.00000000000001
151.99999999999997;1.3257860694930343;-100.00000000000001;203.00000000000003;-92.85926371008162;-100.00000000000001
203.00000000000003;-92.85926371008162;-100.00000000000001;129.99999999999997;-122.3095453754265;-140.0
181.00000000000003;-171.37611587468916;-140.0;203.00000000000003;-92.85926371008162;-100.00000000000001
203.00000000000003;-92.85926371008162;-100.00000000000001;210.00000000000003;-132.77900957624772;-100.00000000000001
210.00000000000003;-132.77900957624772;-100.00000000000001;181.00000000000003;-171.37611587468916;-140.0
237.0;-171.87485694094357;-140.0;210.00000000000003;-132.77900957624772;-100.00000000000001
210.00000000000003;-132.77900957624772;-100.00000000000001;250.0;-148.98433481522144;-100.00000000000001
250.0;-148.98433481522144;-100.00000000000001;237.0;-171.87485694094357;-140.0
239.0;-203.2278658287436;-140.0;250.0;-148.98433481522144;-100.00000000000001
250.0;-148.98433481522144;-100.00000000000001;326.0;-200.5;-100.00000000000001
326.0;-200.5;-100.00000000000001;239.0;-203.2278658287436;-140.0
-279.0;-216.5;-100.00000000000001;-287.0;-177.5;-59.999999999999986
-287.0;-177.5;-59.999999999999986;-265.0;-166.64520453102992;-59.999999999999986
-265.0;-166.64520453102992;-59.999999999999986;-279.0;-216.5;-100.00000000000001
-267.0;-160.505609301921;-100.00000000000001;-265.0;-166.64520453102992;-59.999999999999986
-265.0;-166.64520453102992;-59.999999999999986;-237.00000000000003;-141.46340150233436;-59.999999999999986
-237.00000000000003;-141.46340150233436;-59.999999999999986;-267.0;-160.505609301921;-100.00000000000001
-217.00000000000003;-136.63329829278607;-100.00000000000001;-237.00000000000003;-141.46340150233436;-59.999999999999986
-237.00000000000003;-141.46340150233436;-59.999999999999986;-172.0;-100.78467968731866;-59.999999999999986
-172.0;-100.78467968731866;-59.999999999999986;-217.00000000000003;-136.63329829278607;-100.00000000000001
-196.0;-86.18459635242819;-100.00000000000001;-172.0;-100.78467968731866;-59.999999999999986
-172.0;-100.78467968731866;-59.999999999999986;-144.0;-8.843453703962524;-59.999999999999986
-144.0;-8.843453703962524;-59.999999999999986;-196.0;-86.18459635242819;-100.00000000000001
-141.0;-26.911493057818376;-100.00000000000001;-144.0;-8.843453703962524;-59.999999999999986
-144.0;-8.843453703962524;-59.999999999999986;-107.00000000000001;48.547875187092586;-59.999999999999986
-107.00000000000001;48.547875187092586;-59.999999999999986;-141.0;-26.911493057818376;-100.00000000000001
-109.00000000000001;5.601372405643673;-100.00000000000001;-107.00000000000001;48.547875187092586;-59.999999999999986
-107.00000000000001;48.547875187092586;-59.999999999999986;-83.99999999999999;148.2950132251134;-59.999999999999986
-83.99999999999999;148.2950132251134;-59.999999999999986;-109.00000000000001;5.601372405643673;-100.00000000000001
-47.999999999999986;84.5610514653552;-100.00000000000001;-83.99999999999999;148.2950132251134;-59.999999999999986
-83.99999999999999;148.2950132251134;-59.999999999999986;2.0;83.77245821702286;-59.999999999999986
2.0;83.77245821702286;-59.999999999999986;-47.999999999999986;84.5610514653552;-100.00000000000001
4.0;78.14929949206459;-100.00000000000001;2.0;83.77245821702286;-59.999999999999986
2.0;83.77245821702286;-59.999999999999986;1.9999999999999964;109.02626671368256;-59.999999999999986
1.9999999999999964;109.02626671368256;-59.999999999999986;4.0;78.14929949206459;-100.00000000000001
35.0;-1.9420514878046617;-100.00000000000001;1.9999999999999964;109.02626671368256;-59.999999999999986
1.9999999999999964;109.02626671368256;-59.999999999999986;38.999999999999986;-77.6019054472512;-59.999999999999986
38.999999999999986;-77.6019054472512;-59.999999999999986;35.0;-1.9420514878046617;-100.00000000000001
67.99999999999999;-97.4358826082582;-100.00000000000001;38.999999999999986;-77.6019054472512;-59.999999999999986
38.999999999999986;-77.6019054472512;-59.999999999999986;104.99999999999997;-69.95331861514806;-59.999999999999986
104.99999999999997;-69.95331861514806;-59.999999999999986;67.99999999999999;-97.4358826082582;-100.00000000000001
125.99999999999997;-43.12672537267753;-100.00000000000001;104.99999999999997;-69.95331861514806;-59.999999999999986
104.99999999999997;-69.95331861514806;-59.999999999999986;157.99999999999997;-33.989813507435514;-59.999999999999986
157.99999999999997;-33.989813507435514;-59.999999999999986;125.99999999999997;-43.12672537267753;-100.00000000000001
151.99999999999997;1.3257860694930343;-100.00000000000001;157.99999999999997;-33.989813507435514;-59.999999999999986
157.99999999999997;-33.989813507435514;-59.999999999999986;153.00000000000003;-14.660960449691657;-59.999999999999986
153.00000000000003;-14.660960449691657;-59.999999999999986;151.99999999999997;1.3257860694930343;-100.00000000000001
203.00000000000003;-92.85926371008162;-100.00000000000001;153.00000000000003;-14.660960449691657;-59.999999999999986
153.00000000000003;-14.660960449691657;-59.999999999999986;200.00000000000003;-146.67908763828345;-59.999999999999986
200.00000000000003;-146.67908763828345;-59.999999999999986;203.00000000000003;-92.85926371008162;-100.00000000000001
210.00000000000003;-132.77900957624772;-100.00000000000001;200.00000000000003;-146.67908763828345;-59.999999999999986
200.00000000000003;-146.67908763828345;-59.999999999999986;289.0;-163.25423754958607;-59.999999999999986
289.0;-163.25423754958607;-59.999999999999986;210.00000000000003;-132.77900957624772;-100.00000000000001
250.0;-148.98433481522144;-100.00000000000001;289.0;-163.25423754958607;-59.999999999999986
289.0;-163.25423754958607;-59.999999999999986;329.0;-218.5;-59.999999999999986
329.0;-218.5;-59.999999999999986;250.0;-148.98433481522144;-100.00000000000001
-287.0;-177.5;-59.999999999999986;-279.0;-225.5;-19.999999999999996
-279.0;-225.5;-19.999999999999996;-278.0;-171.82495818783792;-19.999999999999996
-278.0;-171.82495818783792;-19.999999999999996;-287.0;-177.5;-59.999999999999986
-265.0;-166.64520453102992;-59.999999999999986;-278.0;-171.82495818783792;-19.999999999999996
-278.0;-171.82495818783792;-19.999999999999996;-223.00000000000003;-98.68118811699863;-19.999999999999996
-223.00000000000003;-98.68118811699863;-19.999999999999996;-265.0;-166.64520453102992;-59.999999999999986
-237.00000000000003;-141.46340150233436;-59.999999999999986;-223.00000000000003;-98.68118811699863;-19.999999999999996
-223.00000000000003;-98.68118811699863;-19.999999999999996;-151.0;-75.58238908624531;-19.999999999999996
-151.0;-75.58238908624531;-19.999999999999996;-237.00000000000003;-141.46340150233436;-59.999999999999986
-172.0;-100.78467968731866;-59.999999999999986;-151.0;-75.58238908624531;-19.999999999999996
-151.0;-75.58238908624531;-19.999999999999996;-165.0;-10.894410036187082;-19.999999999999996
-165.0;-10.894410036187082;-19.999999999999996;-172.0;-100.78467968731866;-59.999999999999986
-144.0;-8.843453703962524;-59.999999999999986;-165.0;-10.894410036187082;-19.999999999999996
-165.0;-10.894410036187082;-19.999999999999996;-75.00000000000001;77.64101841961758;-19.999999999999996
-75.00000000000001;77.64101841961758;-19.999999999999996;-144.0;-8.843453703962524;-59.999999999999986
-107.00000000000001;48.547875187092586;-59.999999999999986;-75.00000000000001;77.64101841961758;-19.999999999999996
-75.00000000000001;77.64101841961758;-19.999999999999996;-39.999999999999986;161.37192277198358;-19.999999999999996
-39.999999999999986;161.37192277198358;-19.999999999999996;-107.00000000000001;48.547875187092586;-59.999999999999986
-83.99999999999999;148.2950132251134;-59.999999999999986;-39.999999999999986;161.37192277198358;-19.999999999999996
-39.999999999999986;161.37192277198358;-19.999999999999996;-40.0;68.51329162444017;-19.999999999999996
-40.0;68.51329162444017;-19.999999999999996;-83.99999999999999;148.2950132251134;-59.999999999999986
2.0;83.77245821702286;-59.999999999999986;-40.0;68.51329162444017;-19.999999999999996
-40.0;68.51329162444017;-19.999999999999996;7.0;19.565462538576895;-19.999999999999996
7.0;19.565462538576895;-19.999999999999996;2.0;83.77245821702286;-59.999999999999986
1.9999999999999964;109.02626671368256;-59.999999999999986;7.0;19.565462538576895;-19.999999999999996
7.0;19.565462538576895;-19.999999999999996;34.999999999999986;116.83360241032494;-19.999999999999996
34.999999999999986;116.83360241032494;-19.999999999999996;1.9999999999999964;109.02626671368256;-59.999999999999986
38.999999999999986;-77.6019054472512;-59.999999999999986;34.999999999999986;116.83360241032494;-19.999999999999996
34.999999999999986;116.83360241032494;-19.999999999999996;78.99999999999997;-21.849336639801663;-19.999999999999996
78.99999999999997;-21.849336639801663;-19.999999999999996;38.999999999999986;-77.6019054472512;-59.999999999999986
104.99999999999997;-69.95331861514806;-59.999999999999986;78.99999999999997;-21.849336639801663;-19.999999999999996
78.99999999999997;-21.849336639801663;-19.999999999999996;119.99999999999997;-52.72513765397031;-19.999999999999996
119.99999999999997;-52.72513765397031;-19.999999999999996;104.99999999999997;-69.95331861514806;-59.999999999999986
157.99999999999997;-33.989813507435514;-59.999999999999986;119.99999999999997;-52.72513765397031;-19.999999999999996
119.99999999999997;-52.72513765397031;-19.999999999999996;171.00000000000003;-89.35355282287556;-19.999999999999996
171.00000000000003;-89.35355282287556;-19.999999999999996;157.99999999999997;-33.989813507435514;-59.999999999999986
153.00000000000003;-14.660960449691657;-59.999999999999986;171.00000000000003;-89.35355282287556;-19.999999999999996
171.00000000000003;-89.35355282287556;-19.999999999999996;200.00000000000003;-113.34800640317606;-19.999999999999996
200.00000000000003;-113.34800640317606;-19.999999999999996;153.00000000000003;-14.660960449691657;-59.999999999999986
200.00000000000003;-146.67908763828345;-59.999999999999986;200.00000000000003;-113.34800640317606;-19.999999999999996
200.00000000000003;-113.34800640317606;-19.999999999999996;247.0;-164.1498618586311;-19.999999999999996
247.0;-164.1498618586311;-19.999999999999996;200.00000000000003;-146.67908763828345;-59.999999999999986
289.0;-163.25423754958607;-59.999999999999986;247.0;-164.1498618586311;-19.999999999999996
247.0;-164.1498618586311;-19.999999999999996;313.0;-180.5;-19.999999999999996
313.0;-180.5;-19.999999999999996;289.0;-163.25423754958607;-59.999999999999986
-279.0;-225.5;-19.999999999999996;-315.0;-193.5;19.999999999999996
-315.0;-193.5;19.999999999999996;-263.0;-194.76617551119182;19.999999999999996
-263.0;-194.76617551119182;19.999999999999996;-279.0;-225.5;-19.999999999999996
-278.0;-171.82495818783792;-19.999999999999996;-263.0;-194.76617551119182;19.999999999999996
-263.0;-194.76617551119182;19.999999999999996;-210.00000000000003;-131.38618793409904;19.999999999999996
-210.00000000000003;-131.38618793409904;19.999999999999996;-278.0;-171.82495818783792;-19.999999999999996
-223.00000000000003;-98.68118811699863;-19.999999999999996;-210.00000000000003;-131.38618793409904;19.999999999999996
-210.00000000000003;-131.38618793409904;19.999999999999996;-198.0;-51.45608453433954;19.999999999999996
-198.0;-51.45608453433954;19.999999999999996;-223.00000000000003;-98.68118811699863;-19.999999999999996
-151.0;-75.58238908624531;-19.999999999999996;-198.0;-51.45608453433954;19.999999999999996
-198.0;-51.45608453433954;19.999999999999996;-118.0;36.1024829708025;19.999999999999996
-118.0;36.1024829708025;19.999999999999996;-151.0;-75.58238908624531;-19.999999999999996
-165.0;-10.894410036187082;-19.999999999999996;-118.0;36.1024829708025;19.999999999999996
-118.0;36.1024829708025;19.999999999999996;-126.00000000000001;85.33875466494021;19.999999999999996
-126.00000000000001;85.33875466494021;19.999999999999996;-165.0;-10.894410036187082;-19.999999999999996
-75.00000000000001;77.64101841961758;-19.999999999999996;-126.00000000000001;85.33875466494021;19.999999999999996
-126.00000000000001;85.33875466494021;19.999999999999996;-84.99999999999999;131.34681420869708;19.999999999999996
-84.99999999999999;131.34681420869708;19.999999999999996;-75.00000000000001;77.64101841961758;-19.999999999999996
-39.999999999999986;161.37192277198358;-19.999999999999996;-84.99999999999999;131.34681420869708;19.999999999999996
-84.99999999999999;131.34681420869708;19.999999999999996;-44.0;74.15828827646311;19.999999999999996
-44.0;74.15828827646311;19.999999999999996;-39.999999999999986;161.37192277198358;-19.999999999999996
-40.0;68.51329162444017;-19.999999999999996;-44.0;74.15828827646311;19.999999999999996
-44.0;74.15828827646311;19.999999999999996;39.0;-3.190808575655666;19.999999999999996
39.0;-3.190808575655666;19.999999999999996;-40.0;68.51329162444017;-19.999999999999996
7.0;19.565462538576895;-19.999999999999996;39.0;-3.190808575655666;19.999999999999996
39.0;-3.190808575655666;19.999999999999996;37.999999999999986;-30.154523449385948;19.999999999999996
37.999999999999986;-30.154523449385948;19.999999999999996;7.0;19.565462538576895;-19.999999999999996
34.999999999999986;116.83360241032494;-19.999999999999996;37.999999999999986;-30.154523449385948;19.999999999999996
37.999999999999986;-30.154523449385948;19.999999999999996;76.99999999999997;48.73738341259036;19.999999999999996
76.99999999999997;48.73738341259036;19.999999999999996;34.999999999999986;116.83360241032494;-19.999999999999996
78.99999999999997;-21.849336639801663;-19.999999999999996;76.99999999999997;48.73738341259036;19.999999999999996
76.99999999999997;48.73738341259036;19.999999999999996;132.99999999999997;-10.097786311277247;19.999999999999996
132.99999999999997;-10.097786311277247;19.999999999999996;78.99999999999997;-21.849336639801663;-19.999999999999996
119.99999999999997;-52.72513765397031;-19.999999999999996;132.99999999999997;-10.097786311277247;19.999999999999996
132.99999999999997;-10.097786311277247;19.999999999999996;174.00000000000003;-83.26607516345766;19.999999999999996
174.00000000000003;-83.26607516345766;19.999999999999996;119.99999999999997;-52.72513765397031;-19.999999999999996
171.00000000000003;-89.35355282287556;-19.999999999999996;174.00000000000003;-83.26607516345766;19.999999999999996
174.00000000000003;-83.26607516345766;19.999999999999996;193.00000000000003;-123.62976559928225;19.999999999999996
193.00000000000003;-123.62976559928225;19.999999999999996;171.00000000000003;-89.35355282287556;-19.999999999999996
200.00000000000003;-113.34800640317606;-19.999999999999996;193.00000000000003;-123.62976559928225;19.999999999999996
193.00000000000003;-123.62976559928225;19.999999999999996;261.0;-146.2475597974716;19.999999999999996
261.0;-146.2475597974716;19.999999999999996;200.00000000000003;-113.34800640317606;-19.999999999999996
247.0;-164.1498618586311;-19.999999999999996;261.0;-146.2475597974716;19.999999999999996
261.0;-146.2475597974716;19.999999999999996;300.0;-204.5;19.999999999999996
300.0;-204.5;19.999999999999996;247.0;-164.1498618586311;-19.999999999999996
-315.0;-193.5;19.999999999999996;-292.0;-180.5;59.999999999999986
-292.0;-180.5;59.999999999999986;-270.0;-185.52810845800317;59.999999999999986
-270.0;-185.52810845800317;59.999999999999986;-315.0;-193.5;19.999999999999996
-263.0;-194.76617551119182;19.999999999999996;-270.0;-185.52810845800317;59.999999999999986
-270.0;-185.52810845800317;59.999999999999986;-240.00000000000003;-86.90441447743062;59.999999999999986
-240.00000000000003;-86.90441447743062;59.999999999999986;-263.0;-194.76617551119182;19.999999999999996
-210.00000000000003;-131.38618793409904;19.999999999999996;-240.00000000000003;-86.90441447743062;59.999999999999986
-240.00000000000003;-86.90441447743062;59.999999999999986;-183.0;-10.341081981103798;59.999999999999986
-183.0;-10.341081981103798;59.999999999999986;-210.00000000000003;-131.38618793409904;19.999999999999996
-198.0;-51.45608453433954;19.999999999999996;-183.0;-10.341081981103798;59.999999999999986
-183.0;-10.341081981103798;59.999999999999986;-150.0;33.22274134679003;59.999999999999986
-150.0;33.22274134679003;59.999999999999986;-198.0;-51.45608453433954;19.999999999999996
-118.0;36.1024829708025;19.999999999999996;-150.0;33.22274134679003;59.999999999999986
-150.0;33.22274134679003;59.999999999999986;-125.00000000000001;-22.98701332440723;59.999999999999986
-125.00000000000001;-22.98701332440723;59.999999999999986;-118.0;36.1024829708025;19.999999999999996
-126.00000000000001;85.33875466494021;19.999999999999996;-125.00000000000001;-22.98701332440723;59.999999999999986
-125.00000000000001;-22.98701332440723;59.999999999999986;-52.999999999999986;-32.744906913791084;59.999999999999986
-52.999999999999986;-32.744906913791084;59.999999999999986;-126.00000000000001;85.33875466494021;19.999999999999996
-84.99999999999999;131.34681420869708;19.999999999999996;-52.999999999999986;-32.744906913791084;59.999999999999986
-52.999999999999986;-32.744906913791084;59.999999999999986;-6.9999999999999964;178.61396556291385;59.999999999999986
-6.9999999999999964;178.61396556291385;59.999999999999986;-84.99999999999999;131.34681420869708;19.999999999999996
-44.0;74.15828827646311;19.999999999999996;-6.9999999999999964;178.61396556291385;59.999999999999986
-6.9999999999999964;178.61396556291385;59.999999999999986;-3.0000000000000036;-65.08762407808169;59.999999999999986
-3.0000000000000036;-65.08762407808169;59.999999999999986;-44.0;74.15828827646311;19.999999999999996
39.0;-3.190808575655666;19.999999999999996;-3.0000000000000036;-65.08762407808169;59.999999999999986
-3.0000000000000036;-65.08762407808169;59.999999999999986;31.999999999999986;-2.3029555155075343;59.999999999999986
31.999999999999986;-2.3029555155075343;59.999999999999986;39.0;-3.190808575655666;19.999999999999996
37.999999999999986;-30.154523449385948;19.999999999999996;31.999999999999986;-2.3029555155075343;59.999999999999986
31.999999999999986;-2.3029555155075343;59.999999999999986;84.99999999999997;-11.941359968150891;59.999999999999986
84.99999999999997;-11.941359968150891;59.999999999999986;37.999999999999986;-30.154523449385948;19.999999999999996
76.99999999999997;48.73738341259036;19.999999999999996;84.99999999999997;-11.941359968150891;59.999999999999986
84.99999999999997;-11.941359968150891;59.999999999999986;128.99999999999997;-55.15301776664853;59.999999999999986
128.99999999999997;-55.15301776664853;59.999999999999986;76.99999999999997;48.73738341259036;19.999999999999996
132.99999999999997;-10.097786311277247;19.999999999999996;128.99999999999997;-55.15301776664853;59.999999999999986
128.99999999999997;-55.15301776664853;59.999999999999986;177.00000000000003;-145.0403772900566;59.999999999999986
177.00000000000003;-145.0403772900566;59.999999999999986;132.99999999999997;-10.097786311277247;19.999999999999996
174.00000000000003;-83.26607516345766;19.999999999999996;177.00000000000003;-145.0403772900566;59.999999999999986
177.00000000000003;-145.0403772900566;59.999999999999986;226.0;-154.52951795297338;59.999999999999986
226.0;-154.52951795297338;59.999999999999986;174.00000000000003;-83.26607516345766;19.999999999999996
193.00000000000003;-123.62976559928225;19.999999999999996;226.0;-154.52951795297338;59.999999999999986
226.0;-154.52951795297338;59.999999999999986;270.0;-151.90155008376337;59.999999999999986
270.0;-151.90155008376337;59.999999999999986;193.00000000000003;-123.62976559928225;19.999999999999996
261.0;-146.2475597974716;19.999999999999996;270.0;-151.90155008376337;59.999999999999986
270.0;-151.90155008376337;59.999999999999986;307.0;-192.5;59.999999999999986
307.0;-192.5;59.999999999999986;261.0;-146.2475597974716;19.999999999999996
-292.0;-180.5;59.999999999999986;-304.0;-197.5;99.99999999999997
-304.0;-197.5;99.99999999999997;-256.0;-204.36582821556115;99.99999999999997
-256.0;-204.36582821556115;99.99999999999997;-292.0;-180.5;59.999999999999986
-270.0;-185.52810845800317;59.999999999999986;-256.0;-204.36582821556115;99.99999999999997
-256.0;-204.36582821556115;99.99999999999997;-217.00000000000003;-165.9735597366233;99.99999999999997
-217.00000000000003;-165.9735597366233;99.99999999999997;-270.0;-185.52810845800317;59.999999999999986
-240.00000000000003;-86.90441447743062;59.999999999999986;-217.00000000000003;-165.9735597366233;99.99999999999997
-217.00000000000003;-165.9735597366233;99.99999999999997;-151.0;-64.90172046308145;99.99999999999997
-151.0;-64.90172046308145;99.99999999999997;-240.00000000000003;-86.90441447743062;59.999999999999986
-183.0;-10.341081981103798;59.999999999999986;-151.0;-64.90172046308145;99.99999999999997
-151.0;-64.90172046308145;99.99999999999997;-136.0;18.624751809060058;99.99999999999997
-136.0;18.624751809060058;99.99999999999997;-183.0;-10.341081981103798;59.999999999999986
-150.0;33.22274134679003;59.999999999999986;-136.0;18.624751809060058;99.99999999999997
-136.0;18.624751809060058;99.99999999999997;-84.00000000000001;-1.7067129064856488;99.99999999999997
-84.00000000000001;-1.7067129064856488;99.99999999999997;-150.0;33.22274134679003;59.999999999999986
-125.00000000000001;-22.98701332440723;59.999999999999986;-84.00000000000001;-1.7067129064856488;99.99999999999997
-84.00000000000001;-1.7067129064856488;99.99999999999997;-74.99999999999999;12.417856351382682;99.99999999999997
-74.99999999999999;12.417856351382682;99.99999999999997;-125.00000000000001;-22.98701332440723;59.999999999999986
-52.999999999999986;-32.744906913791084;59.999999999999986;-74.99999999999999;12.417856351382682;99.99999999999997
-74.99999999999999;12.417856351382682;99.99999999999997;-3.9999999999999964;112.67551781669164;99.99999999999997
-3.9999999999999964;112.67551781669164;99.99999999999997;-52.999999999999986;-32.744906913791084;59.999999999999986
-6.9999999999999964;178.61396556291385;59.999999999999986;-3.9999999999999964;112.67551781669164;99.99999999999997
-3.9999999999999964;112.67551781669164;99.99999999999997;16.0;-13.1930913857137;99.99999999999997
16.0;-13.1930913857137;99.99999999999997;-6.9999999999999964;178.61396556291385;59.999999999999986
-3.0000000000000036;-65.08762407808169;59.999999999999986;16.0;-13.1930913857137;99.99999999999997
16.0;-13.1930913857137;99.99999999999997;54.999999999999986;-27.664375690230287;99.99999999999997
54.999999999999986;-27.664375690230287;99.99999999999997;-3.0000000000000036;-65.08762407808169;59.999999999999986
31.999999999999986;-2.3029555155075343;59.999999999999986;54.999999999999986;-27.664375690230287;99.99999999999997
54.999999999999986;-27.664375690230287;99.99999999999997;118.99999999999997;-48.51339403730918;99.99999999999997
118.99999999999997;-48.51339403730918;99.99999999999997;31.999999999999986;-2.3029555155075343;59.999999999999986
84.99999999999997;-11.941359968150891;59.999999999999986;118.99999999999997;-48.51339403730918;99.99999999999997
118.99999999999997;-48.51339403730918;99.99999999999997;128.99999999999997;-140.1115048214369;99.99999999999997
128.99999999999997;-140.1115048214369;99.99999999999997;84.99999999999997;-11.941359968150891;59.999999999999986
128.99999999999997;-55.15301776664853;59.999999999999986;128.99999999999997;-140.1115048214369;99.99999999999997
128.99999999999997;-140.1115048214369;99.99999999999997;157.00000000000003;-121.04516230235299;99.99999999999997
157.00000000000003;-121.04516230235299;99.99999999999997;128.99999999999997;-55.15301776664853;59.999999999999986
177.00000000000003;-145.0403772900566;59.999999999999986;157.00000000000003;-121.04516230235299;99.99999999999997
157.00000000000003;-121.04516230235299;99.99999999999997;222.00000000000003;-150.62895720525268;99.99999999999997
222.00000000000003;-150.62895720525268;99.99999999999997;177.00000000000003;-145.0403772900566;59.999999999999986
226.0;-154.52951795297338;59.999999999999986;222.00000000000003;-150.62895720525268;99.99999999999997
222.00000000000003;-150.62895720525268;99.99999999999997;243.0;-202.05137647176844;99.99999999999997
243.0;-202.05137647176844;99.99999999999997;226.0;-154.52951795297338;59.999999999999986
270.0;-151.90155008376337;59.999999999999986;243.0;-202.05137647176844;99.99999999999997
243.0;-202.05137647176844;99.99999999999997;274.0;-180.5;99.99999999999997
274.0;-180.5;99.99999999999997;270.0;-151.90155008376337;59.999999999999986
-304.0;-197.5;99.99999999999997;-290.0;-215.5;139.99999999999997
-290.0;-215.5;139.99999999999997;-233.0;-157.40865661066474;139.99999999999997
-233.0;-157.40865661066474;139.99999999999997;-304.0;-197.5;99.99999999999997
-256.0;-204.36582821556115;99.99999999999997;-233.0;-157.40865661066474;139.99999999999997
-233.0;-157.40865661066474;139.99999999999997;-226.00000000000003;-137.36574882018078;139.99999999999997
-226.00000000000003;-137.36574882018078;139.99999999999997;-256.0;-204.36582821556115;99.99999999999997
-217.00000000000003;-165.9735597366233;99.99999999999997;-226.00000000000003;-137.36574882018078;139.99999999999997
-226.00000000000003;-137.36574882018078;139.99999999999997;-184.0;-109.56696307274018;139.99999999999997
-184.0;-109.56696307274018;139.99999999999997;-217.00000000000003;-165.9735597366233;99.99999999999997
-151.0;-64.90172046308145;99.99999999999997;-184.0;-109.56696307274018;139.99999999999997
-184.0;-109.56696307274018;139.99999999999997;-166.0;-42.57577984353716;139.99999999999997
-166.0;-42.57577984353716;139.99999999999997;-151.0;-64.90172046308145;99.99999999999997
-136.0;18.624751809060058;99.99999999999997;-166.0;-42.57577984353716;139.99999999999997
-166.0;-42.57577984353716;139.99999999999997;-112.00000000000001;-14.402158472455682;139.99999999999997
-112.00000000000001;-14.402158472455682;139.99999999999997;-136.0;18.624751809060058;99.99999999999997
-84.00000000000001;-1.7067129064856488;99.99999999999997;-112.00000000000001;-14.402158472455682;139.99999999999997
-112.00000000000001;-14.402158472455682;139.99999999999997;-44.999999999999986;14.119413299740188;139.99999999999997
-44.999999999999986;14.119413299740188;139.99999999999997;-84.00000000000001;-1.7067129064856488;99.99999999999997
-74.99999999999999;12.417856351382682;99.99999999999997;-44.999999999999986;14.119413299740188;139.99999999999997
-44.999999999999986;14.119413299740188;139.99999999999997;-30.999999999999996;-24.024102117849793;139.99999999999997
-30.999999999999996;-24.024102117849793;139.99999999999997;-74.99999999999999;12.417856351382682;99.99999999999997
-3.9999999999999964;112.67551781669164;99.99999999999997;-30.999999999999996;-24.024102117849793;139.99999999999997
-30.999999999999996;-24.024102117849793;139.99999999999997;22.0;-85.29482310179348;139.99999999999997
22.0;-85.29482310179348;139.99999999999997;-3.9999999999999964;112.67551781669164;99.99999999999997
16.0;-13.1930913857137;99.99999999999997;22.0;-85.29482310179348;139.99999999999997
22.0;-85.29482310179348;139.99999999999997;30.999999999999986;-38.34253970073246;139.99999999999997
30.999999999999986;-38.34253970073246;139.99999999999997;16.0;-13.1930913857137;99.99999999999997
54.999999999999986;-27.664375690230287;99.99999999999997;30.999999999999986;-38.34253970073246;139.99999999999997
30.999999999999986;-38.34253970073246;139.99999999999997;124.99999999999997;-62.99983359260615;139.99999999999997
124.99999999999997;-62.99983359260615;139.99999999999997;54.999999999999986;-27.664375690230287;99.99999999999997
118.99999999999997;-48.51339403730918;99.99999999999997;124.99999999999997;-62.99983359260615;139.99999999999997
124.99999999999997;-62.99983359260615;139.99999999999997;154.99999999999997;-155.32824467040143;139.99999999999997
154.99999999999997;-155.32824467040143;139.99999999999997;118.99999999999997;-48.51339403730918;99.99999999999997
128.99999999999997;-140.1115048214369;99.99999999999997;154.99999999999997;-155.32824467040143;139.99999999999997
154.99999999999997;-155.32824467040143;139.99999999999997;184.00000000000003;-133.1906101577255;139.99999999999997
184.00000000000003;-133.1906101577255;139.99999999999997;128.99999999999997;-140.1115048214369;99.99999999999997
157.00000000000003;-121.04516230235299;99.99999999999997;184.00000000000003;-133.1906101577255;139.99999999999997
184.00000000000003;-133.1906101577255;139.99999999999997;207.00000000000003;-170.49511721911728;139.99999999999997
207.00000000000003;-170.49511721911728;139.99999999999997;157.00000000000003;-121.04516230235299;99.99999999999997
222.00000000000003;-150.62895720525268;99.99999999999997;207.00000000000003;-170.49511721911728;139.99999999999997
207.00000000000003;-170.49511721911728;139.99999999999997;281.0;-179.34317605474598;139.99999999999997
281.0;-179.34317605474598;139.99999999999997;222.00000000000003;-150.62895720525268;99.99999999999997
243.0;-202.05137647176844;99.99999999999997;281.0;-179.34317605474598;139.99999999999997
281.0;-179.34317605474598;139.99999999999997;310.0;-210.5;139.99999999999997
310.0;-210.5;139.99999999999997;243.0;-202.05137647176844;99.99999999999997
-290.0;-215.5;139.99999999999997;-324.0;-178.5;180.00000000000003
-324.0;-178.5;180.00000000000003;-277.0;-198.1694289735762;180.00000000000003
-277.0;-198.1694289735762;180.00000000000003;-290.0;-215.5;139.99999999999997
-233.0;-157.40865661066474;139.99999999999997;-277.0;-198.1694289735762;180.00000000000003
-277.0;-198.1694289735762;180.00000000000003;-192.00000000000003;-169.25152120206695;180.00000000000003
-192.00000000000003;-169.25152120206695;180.00000000000003;-233.0;-157.40865661066474;139.99999999999997
-226.00000000000003;-137.36574882018078;139.99999999999997;-192.00000000000003;-169.25152120206695;180.00000000000003
-192.00000000000003;-169.25152120206695;180.00000000000003;-157.0;-144.83739040719132;180.00000000000003
-157.0;-144.83739040719132;180.00000000000003;-226.00000000000003;-137.36574882018078;139.99999999999997
-184.0;-109.56696307274018;139.99999999999997;-157.0;-144.83739040719132;180.00000000000003
-157.0;-144.83739040719132;180.00000000000003;-111.0;-128.76571590698182;180.00000000000003
-111.0;-128.76571590698182;180.00000000000003;-184.0;-109.56696307274018;139.99999999999997
-166.0;-42.57577984353716;139.99999999999997;-111.0;-128.76571590698182;180.00000000000003
-111.0;-128.76571590698182;180.00000000000003;-102.00000000000001;-64.98440992380013;180.00000000000003
-102.00000000000001;-64.98440992380013;180.00000000000003;-166.0;-42.57577984353716;139.99999999999997
-112.00000000000001;-14.402158472455682;139.99999999999997;-102.00000000000001;-64.98440992380013;180.00000000000003
-102.00000000000001;-64.98440992380013;180.00000000000003;-58.999999999999986;-56.92586861111252;180.00000000000003
-58.999999999999986;-56.92586861111252;180.00000000000003;-112.00000000000001;-14.402158472455682;139.99999999999997
-44.999999999999986;14.119413299740188;139.99999999999997;-58.999999999999986;-56.92586861111252;180.00000000000003
-58.999999999999986;-56.92586861111252;180.00000000000003;-4.9999999999999964;-127.51468893952335;180.00000000000003
-4.9999999999999964;-127.51468893952335;180.00000000000003;-44.999999999999986;14.119413299740188;139.99999999999997
-30.999999999999996;-24.024102117849793;139.99999999999997;-4.9999999999999964;-127.51468893952335;180.00000000000003
-4.9999999999999964;-127.51468893952335;180.00000000000003;33.0;-164.7735358866405;180.00000000000003
33.0;-164.7735358866405;180.00000000000003;-30.999999999999996;-24.024102117849793;139.99999999999997
22.0;-85.29482310179348;139.99999999999997;33.0;-164.7735358866405;180.00000000000003
33.0;-164.7735358866405;180.00000000000003;73.99999999999999;-171.02839522833256;180.00000000000003
73.99999999999999;-171.02839522833256;180.00000000000003;22.0;-85.29482310179348;139.99999999999997
30.999999999999986;-38.34253970073246;139.99999999999997;73.99999999999999;-171.02839522833256;180.00000000000003
73.99999999999999;-171.02839522833256;180.00000000000003;91.99999999999997;-122.9241606308608;180.00000000000003
91.99999999999997;-122.9241606308608;180.00000000000003;30.999999999999986;-38.34253970073246;139.99999999999997
124.99999999999997;-62.99983359260615;139.99999999999997;91.99999999999997;-122.9241606308608;180.00000000000003
91.99999999999997;-122.9241606308608;180.00000000000003;136.99999999999997;-141.80076027332785;180.00000000000003
136.99999999999997;-141.80076027332785;180.00000000000003;124.99999999999997;-62.99983359260615;139.99999999999997
154.99999999999997;-155.32824467040143;139.99999999999997;136.99999999999997;-141.80076027332785;180.00000000000003
136.99999999999997;-141.80076027332785;180.00000000000003;165.00000000000003;-169.80422394651703;180.00000000000003
165.00000000000003;-169.80422394651703;180.00000000000003;154.99999999999997;-155.32824467040143;139.99999999999997
184.00000000000003;-133.1906101577255;139.99999999999997;165.00000000000003;-169.80422394651703;180.00000000000003
165.00000000000003;-169.80422394651703;180.00000000000003;244.0;-197.28509538934887;180.00000000000003
244.0;-197.28509538934887;180.00000000000003;184.00000000000003;-133.1906101577255;139.99999999999997
207.00000000000003;-170.49511721911728;139.99999999999997;244.0;-197.28509538934887;180.00000000000003
244.0;-197.28509538934887;180.00000000000003;284.0;-208.9223205100717;180.00000000000003
284.0;-208.9223205100717;180.00000000000003;207.00000000000003;-170.49511721911728;139.99999999999997
281.0;-179.34317605474598;139.99999999999997;284.0;-208.9223205100717;180.00000000000003
284.0;-208.9223205100717;180.00000000000003;270.0;-192.5;180.00000000000003
270.0;-192.5;180.00000000000003;281.0;-179.34317605474598;139.99999999999997
-324.0;-178.5;180.00000000000003;-294.0;-172.5;220.00000000000003
-294.0;-172.5;220.00000000000003;-258.0;-215.80402170259785;220.00000000000003
-258.0;-215.80402170259785;220.00000000000003;-324.0;-178.5;180.00000000000003
-277.0;-198.1694289735762;180.00000000000003;-258.0;-215.80402170259785;220.00000000000003
-258.0;-215.80402170259785;220.00000000000003;-230.00000000000003;-166.43274074156705;220.00000000000003
-230.00000000000003;-166.43274074156705;220.00000000000003;-277.0;-198.1694289735762;180.00000000000003
-192.00000000000003;-169.25152120206695;180.00000000000003;-230.00000000000003;-166.43274074156705;220.00000000000003
-230.00000000000003;-166.43274074156705;220.00000000000003;-207.0;-206.46691794209144;220.00000000000003
-207.0;-206.46691794209144;220.00000000000003;-192.00000000000003;-169.25152120206695;180.00000000000003
-157.0;-144.83739040719132;180.00000000000003;-207.0;-206.46691794209144;220.00000000000003
-207.0;-206.46691794209144;220.00000000000003;-126.0;-188.87718158462326;220.00000000000003
-126.0;-188.87718158462326;220.00000000000003;-157.0;-144.83739040719132;180.00000000000003
-111.0;-128.76571590698182;180.00000000000003;-126.0;-188.87718158462326;220.00000000000003
-126.0;-188.87718158462326;220.00000000000003;-111.00000000000001;-121.99470667583532;220.00000000000003
-111.00000000000001;-121.99470667583532;220.00000000000003;-111.0;-128.76571590698182;180.00000000000003
-102.00000000000001;-64.98440992380013;180.00000000000003;-111.00000000000001;-121.99470667583532;220.00000000000003
-111.00000000000001;-121.99470667583532;220.00000000000003;-89.99999999999999;-119.85043941856424;220.00000000000003
-89.99999999999999;-119.85043941856424;220.00000000000003;-102.00000000000001;-64.98440992380013;180.00000000000003
-58.999999999999986;-56.92586861111252;180.00000000000003;-89.99999999999999;-119.85043941856424;220.00000000000003
-89.99999999999999;-119.85043941856424;220.00000000000003;-39.0;-99.60426937359996;220.00000000000003
-39.0;-99.60426937359996;220.00000000000003;-58.999999999999986;-56.92586861111252;180.00000000000003
-4.9999999999999964;-127.51468893952335;180.00000000000003;-39.0;-99.60426937359996;220.00000000000003
-39.0;-99.60426937359996;220.00000000000003;19.0;-170.96197137796585;220.00000000000003
19.0;-170.96197137796585;220.00000000000003;-4.9999999999999964;-127.51468893952335;180.00000000000003
33.0;-164.7735358866405;180.00000000000003;19.0;-170.96197137796585;220.00000000000003
19.0;-170.96197137796585;220.00000000000003;50.999999999999986;-164.6474814368059;220.00000000000003
50.999999999999986;-164.6474814368059;220.00000000000003;33.0;-164.7735358866405;180.00000000000003
73.99999999999999;-171.02839522833256;180.00000000000003;50.999999999999986;-164.6474814368059;220.00000000000003
50.999999999999986;-164.6474814368059;220.00000000000003;118.99999999999997;-185.62010847884622;220.00000000000003
118.99999999999997;-185.62010847884622;220.00000000000003;73.99999999999999;-171.02839522833256;180.00000000000003
91.99999999999997;-122.9241606308608;180.00000000000003;118.99999999999997;-185.62010847884622;220.00000000000003
118.99999999999997;-185.62010847884622;220.00000000000003;124.99999999999997;-196.13238214848036;220.00000000000003
124.99999999999997;-196.13238214848036;220.00000000000003;91.99999999999997;-122.9241606308608;180.00000000000003
136.99999999999997;-141.80076027332785;180.00000000000003;124.99999999999997;-196.13238214848036;220.00000000000003
124.99999999999997;-196.13238214848036;220.00000000000003;173.00000000000003;-195.52258615581292;220.00000000000003
173.00000000000003;-195.52258615581292;220.00000000000003;136.99999999999997;-141.80076027332785;180.00000000000003
165.00000000000003;-169.80422394651703;180.00000000000003;173.00000000000003;-195.52258615581292;220.00000000000003
173.00000000000003;-195.52258615581292;220.00000000000003;207.00000000000003;-147.79233568689006;220.00000000000003
207.00000000000003;-147.79233568689006;220.00000000000003;165.00000000000003;-169.80422394651703;180.00000000000003
244.0;-197.28509538934887;180.00000000000003;207.00000000000003;-147.79233568689006;220.00000000000003
207.00000000000003;-147.79233568689006;220.00000000000003;286.0;-183.28518365781088;220.00000000000003
286.0;-183.28518365781088;220.00000000000003;244.0;-197.28509538934887;180.00000000000003
284.0;-208.9223205100717;180.00000000000003;286.0;-183.28518365781088;220.00000000000003
286.0;-183.28518365781088;220.00000000000003;297.0;-217.5;220.00000000000003
297.0;-217.5;220.00000000000003;284.0;-208.9223205100717;180.00000000000003
-294.0;-172.5;220.00000000000003;-314.0;-210.5;260.0
-314.0;-210.5;260.0;-265.0;-177.86844180807287;260.0
-265.0;-177.86844180807287;260.0;-294.0;-172.5;220.00000000000003
-258.0;-215.80402170259785;220.00000000000003;-265.0;-177.86844180807287;260.0
-265.0;-177.86844180807287;260.0;-210.00000000000003;-212.0518743658854;260.0
-210.00000000000003;-212.0518743658854;260.0;-258.0;-215.80402170259785;220.00000000000003
-230.00000000000003;-166.43274074156705;220.00000000000003;-210.00000000000003;-212.0518743658854;260.0
-210.00000000000003;-212.0518743658854;260.0;-154.0;-199.9240665769488;260.0
-154.0;-199.9240665769488;260.0;-230.00000000000003;-166.43274074156705;220.00000000000003
-207.0;-206.46691794209144;220.00000000000003;-154.0;-199.9240665769488;260.0
-154.0;-199.9240665769488;260.0;-134.0;-206.25823286479957;260.0
-134.0;-206.25823286479957;260.0;-207.0;-206.46691794209144;220.00000000000003
-126.0;-188.87718158462326;220.00000000000003;-134.0;-206.25823286479957;260.0
-134.0;-206.25823286479957;260.0;-111.00000000000001;-179.12600839209063;260.0
-111.00000000000001;-179.12600839209063;260.0;-126.0;-188.87718158462326;220.00000000000003
-111.00000000000001;-121.99470667583532;220.00000000000003;-111.00000000000001;-179.12600839209063;260.0
-111.00000000000001;-179.12600839209063;260.0;-83.99999999999999;-163.58026879115482;260.0
-83.99999999999999;-163.58026879115482;260.0;-111.00000000000001;-121.99470667583532;220.00000000000003
-89.99999999999999;-119.85043941856424;220.00000000000003;-83.99999999999999;-163.58026879115482;260.0
-83.99999999999999;-163.58026879115482;260.0;5.0;-166.46094043017132;260.0
5.0;-166.46094043017132;260.0;-89.99999999999999;-119.85043941856424;220.00000000000003
-39.0;-99.60426937359996;220.00000000000003;5.0;-166.46094043017132;260.0
5.0;-166.46094043017132;260.0;42.0;-172.82815316384313;260.0
42.0;-172.82815316384313;260.0;-39.0;-99.60426937359996;220.00000000000003
19.0;-170.96197137796585;220.00000000000003;42.0;-172.82815316384313;260.0
42.0;-172.82815316384313;260.0;71.99999999999999;-154.20688162264085;260.0
71.99999999999999;-154.20688162264085;260.0;19.0;-170.96197137796585;220.00000000000003
50.999999999999986;-164.6474814368059;220.00000000000003;71.99999999999999;-154.20688162264085;260.0
71.99999999999999;-154.20688162264085;260.0;105.99999999999997;-216.7850773147636;260.0
105.99999999999997;-216.7850773147636;260.0;50.999999999999986;-164.6474814368059;220.00000000000003
118.99999999999997;-185.62010847884622;220.00000000000003;105.99999999999997;-216.7850773147636;260.0
105.99999999999997;-216.7850773147636;260.0;149.99999999999997;-217.5;260.0
149.99999999999997;-217.5;260.0;118.99999999999997;-185.62010847884622;220.00000000000003
124.99999999999997;-196.13238214848036;220.00000000000003;149.99999999999997;-217.5;260.0
149.99999999999997;-217.5;260.0;207.00000000000003;-172.74282665484182;260.0
207.00000000000003;-172.74282665484182;260.0;124.99999999999997;-196.13238214848036;220.00000000000003
173.00000000000003;-195.52258615581292;220.00000000000003;207.00000000000003;-172.74282665484182;260.0
207.00000000000003;-172.74282665484182;260.0;195.00000000000003;-212.06934475117825;260.0
195.00000000000003;-212.06934475117825;260.0;173.00000000000003;-195.52258615581292;220.00000000000003
207.00000000000003;-147.79233568689006;220.00000000000003;195.00000000000003;-212.06934475117825;260.0
195.00000000000003;-212.06934475117825;260.0;237.0;-196.92812192238117;260.0
237.0;-196.92812192238117;260.0;207.00000000000003;-147.79233568689006;220.00000000000003
286.0;-183.28518365781088;220.00000000000003;237.0;-196.92812192238117;260.0
237.0;-196.92812192238117;260.0;294.0;-173.5;260.0
294.0;-173.5;260.0;286.0;-183.28518365781088;220.00000000000003
-314.0;-210.5;260.0;-305.0;-210.5;300.0
-305.0;-210.5;300.0;-257.0;-209.5;300.0
-257.0;-209.5;300.0;-314.0;-210.5;260.0
-265.0;-177.86844180807287;260.0;-257.0;-209.5;300.0
-257.0;-209.5;300.0;-227.00000000000003;-194.5;300.0
-227.00000000000003;-194.5;300.0;-265.0;-177.86844180807287;260.0
-210.00000000000003;-212.0518743658854;260.0;-227.00000000000003;-194.5;300.0
-227.00000000000003;-194.5;300.0;-181.0;-170.5;300.0
-181.0;-170.5;300.0;-210.00000000000003;-212.0518743658854;260.0
-154.0;-199.9240665769488;260.0;-181.0;-170.5;300.0
-181.0;-170.5;300.0;-148.0;-175.5;300.0
-148.0;-175.5;300.0;-154.0;-199.9240665769488;260.0
-134.0;-206.25823286479957;260.0;-148.0;-175.5;300.0
-148.0;-175.5;300.0;-120.00000000000001;-177.5;300.0
-120.00000000000001;-177.5;300.0;-134.0;-206.25823286479957;260.0
-111.00000000000001;-179.12600839209063;260.0;-120.00000000000001;-177.5;300.0
-120.00000000000001;-177.5;300.0;-86.99999999999999;-202.5;300.0
-86.99999999999999;-202.5;300.0;-111.00000000000001;-179.12600839209063;260.0
-83.99999999999999;-163.58026879115482;260.0;-86.99999999999999;-202.5;300.0
-86.99999999999999;-202.5;300.0;-9.999999999999996;-216.5;300.0
-9.999999999999996;-216.5;300.0;-83.99999999999999;-163.58026879115482;260.0
5.0;-166.46094043017132;260.0;-9.999999999999996;-216.5;300.0
-9.999999999999996;-216.5;300.0;45.0;-223.5;300.0
45.0;-223.5;300.0;5.0;-166.46094043017132;260.0
42.0;-172.82815316384313;260.0;45.0;-223.5;300.0
45.0;-223.5;300.0;58.999999999999986;-183.5;300.0
58.999999999999986;-183.5;300.0;42.0;-172.82815316384313;260.0
71.99999999999999;-154.20688162264085;260.0;58.999999999999986;-183.5;300.0
58.999999999999986;-183.5;300.0;129.99999999999997;-194.5;300.0
129.99999999999997;-194.5;300.0;71.99999999999999;-154.20688162264085;260.0
105.99999999999997;-216.7850773147636;260.0;129.99999999999997;-194.5;300.0
129.99999999999997;-194.5;300.0;159.99999999999997;-184.5;300.0
159.99999999999997;-184.5;300.0;105.99999999999997;-216.7850773147636;260.0
149.99999999999997;-217.5;260.0;159.99999999999997;-184.5;300.0
159.99999999999997;-184.5;300.0;191.00000000000003;-190.5;300.0
191.00000000000003;-190.5;300.0;149.99999999999997;-217.5;260.0
207.00000000000003;-172.74282665484182;260.0;191.00000000000003;-190.5;300.0
191.00000000000003;-190.5;300.0;248.0;-193.5;300.0
248.0;-193.5;300.0;207.00000000000003;-172.74282665484182;260.0
195.00000000000003;-212.06934475117825;260.0;248.0;-193.5;300.0
248.0;-193.5;300.0;234.0;-225.5;300.0
234.0;-225.5;300.0;195.00000000000003;-212.06934475117825;260.0
237.0;-196.92812192238117;260.0;234.0;-225.5;300.0
234.0;-225.5;300.0;293.0;-211.5;300.0
293.0;-211.5;300.0;237.0;-196.92812192238117;260.0
